{"cameraMode":{"drawMode":0,"name":"Shaded","section":"Shading Mode"},"sceneLighting":true,"audioPlay":false,"sceneViewState":{"showFog":true,"showMaterialUpdate":false,"showSkybox":true,"showFlares":true,"showImageEffects":true,"showParticleSystems":true},"in2DMode":false,"pivot":{"x":1.5622406005859376,"y":-0.15411376953125,"z":41.52783203125},"rotation":{"x":-0.0005664456984959543,"y":-0.9993739724159241,"z":-0.02999020181596279,"w":0.01888868398964405},"size":2.715482473373413,"orthographic":true}